{
  "US": {
    "countryDialCode": "+1",
    "phoneFormatGroup": [
      {
        "length": 3,
        "leading": "",
        "trailing": "-"
      },
      {
        "length": 3,
        "leading": "",
        "trailing": "-"
      },
      {
        "length": 4,
        "leading": "",
        "trailing": ""
      }
    ],
    "hintText": "201-555-0123"
  },
  "CA": {
    "countryDialCode": "+1",
    "phoneFormatGroup": [
      {
        "length": 3,
        "leading": "",
        "trailing": "-"
      },
      {
        "length": 3,
        "leading": "",
        "trailing": "-"
      },
      {
        "length": 4,
        "leading": "",
        "trailing": ""
      }
    ],
    "hintText": "204-234-5678"
  },
  "CL": {
    "countryDialCode": "+1",
    "phoneFormatGroup": [
      {
        "length": 1,
        "leading": "",
        "trailing": "-"
      },
      {
        "length": 4,
        "leading": "",
        "trailing": "-"
      },
      {
        "length": 4,
        "leading": "",
        "trailing": ""
      }
    ],
    "hintText": "9-6123-4567"
  }
}