{
  "ABIRoot": {
    "kind": "Root",
    "name": "amplify_auth_cognito",
    "printedName": "amplify_auth_cognito",
    "children": [
      {
        "kind": "Import",
        "name": "Flutter",
        "printedName": "Flutter",
        "declKind": "Import",
        "moduleName": "amplify_auth_cognito"
      },
      {
        "kind": "Import",
        "name": "UIKit",
        "printedName": "UIKit",
        "declKind": "Import",
        "moduleName": "amplify_auth_cognito"
      },
      {
        "kind": "TypeDecl",
        "name": "AmplifyAuthCognitoPlugin",
        "printedName": "AmplifyAuthCognitoPlugin",
        "children": [
          {
            "kind": "Function",
            "name": "register",
            "printedName": "register(with:)",
            "children": [
              {
                "kind": "TypeNominal",
                "name": "Void",
                "printedName": "()"
              },
              {
                "kind": "TypeNominal",
                "name": "FlutterPluginRegistrar",
                "printedName": "any Flutter.FlutterPluginRegistrar",
                "usr": "c:objc(pl)FlutterPluginRegistrar"
              }
            ],
            "declKind": "Func",
            "usr": "c:@M@amplify_auth_cognito@objc(cs)AmplifyAuthCognitoPlugin(cm)registerWithRegistrar:",
            "mangledName": "$s20amplify_auth_cognito24AmplifyAuthCognitoPluginC8register4withySo07FlutterG9Registrar_p_tFZ",
            "moduleName": "amplify_auth_cognito",
            "static": true,
            "objc_name": "registerWithRegistrar:",
            "declAttributes": [
              "Final",
              "ObjC",
              "AccessControl"
            ],
            "funcSelfKind": "NonMutating"
          },
          {
            "kind": "Constructor",
            "name": "init",
            "printedName": "init()",
            "children": [
              {
                "kind": "TypeNominal",
                "name": "AmplifyAuthCognitoPlugin",
                "printedName": "amplify_auth_cognito.AmplifyAuthCognitoPlugin",
                "usr": "c:@M@amplify_auth_cognito@objc(cs)AmplifyAuthCognitoPlugin"
              }
            ],
            "declKind": "Constructor",
            "usr": "c:@M@amplify_auth_cognito@objc(cs)AmplifyAuthCognitoPlugin(im)init",
            "mangledName": "$s20amplify_auth_cognito24AmplifyAuthCognitoPluginCACycfc",
            "moduleName": "amplify_auth_cognito",
            "overriding": true,
            "implicit": true,
            "objc_name": "init",
            "declAttributes": [
              "Dynamic",
              "ObjC",
              "Override"
            ],
            "init_kind": "Designated"
          }
        ],
        "declKind": "Class",
        "usr": "c:@M@amplify_auth_cognito@objc(cs)AmplifyAuthCognitoPlugin",
        "mangledName": "$s20amplify_auth_cognito24AmplifyAuthCognitoPluginC",
        "moduleName": "amplify_auth_cognito",
        "declAttributes": [
          "AccessControl",
          "ObjC"
        ],
        "superclassUsr": "c:objc(cs)NSObject",
        "hasMissingDesignatedInitializers": true,
        "superclassNames": [
          "ObjectiveC.NSObject"
        ],
        "conformances": [
          {
            "kind": "Conformance",
            "name": "Copyable",
            "printedName": "Copyable",
            "usr": "s:s8CopyableP",
            "mangledName": "$ss8CopyableP"
          },
          {
            "kind": "Conformance",
            "name": "Escapable",
            "printedName": "Escapable",
            "usr": "s:s9EscapableP",
            "mangledName": "$ss9EscapableP"
          },
          {
            "kind": "Conformance",
            "name": "Equatable",
            "printedName": "Equatable",
            "usr": "s:SQ",
            "mangledName": "$sSQ"
          },
          {
            "kind": "Conformance",
            "name": "Hashable",
            "printedName": "Hashable",
            "usr": "s:SH",
            "mangledName": "$sSH"
          },
          {
            "kind": "Conformance",
            "name": "CVarArg",
            "printedName": "CVarArg",
            "usr": "s:s7CVarArgP",
            "mangledName": "$ss7CVarArgP"
          },
          {
            "kind": "Conformance",
            "name": "_KeyValueCodingAndObservingPublishing",
            "printedName": "_KeyValueCodingAndObservingPublishing",
            "usr": "s:10Foundation37_KeyValueCodingAndObservingPublishingP",
            "mangledName": "$s10Foundation37_KeyValueCodingAndObservingPublishingP"
          },
          {
            "kind": "Conformance",
            "name": "_KeyValueCodingAndObserving",
            "printedName": "_KeyValueCodingAndObserving",
            "usr": "s:10Foundation27_KeyValueCodingAndObservingP",
            "mangledName": "$s10Foundation27_KeyValueCodingAndObservingP"
          },
          {
            "kind": "Conformance",
            "name": "CustomStringConvertible",
            "printedName": "CustomStringConvertible",
            "usr": "s:s23CustomStringConvertibleP",
            "mangledName": "$ss23CustomStringConvertibleP"
          },
          {
            "kind": "Conformance",
            "name": "CustomDebugStringConvertible",
            "printedName": "CustomDebugStringConvertible",
            "usr": "s:s28CustomDebugStringConvertibleP",
            "mangledName": "$ss28CustomDebugStringConvertibleP"
          }
        ]
      },
      {
        "kind": "Import",
        "name": "Foundation",
        "printedName": "Foundation",
        "declKind": "Import",
        "moduleName": "amplify_auth_cognito",
        "declAttributes": [
          "RawDocComment"
        ]
      },
      {
        "kind": "Import",
        "name": "Flutter",
        "printedName": "Flutter",
        "declKind": "Import",
        "moduleName": "amplify_auth_cognito"
      },
      {
        "kind": "Import",
        "name": "Foundation",
        "printedName": "Foundation",
        "declKind": "Import",
        "moduleName": "amplify_auth_cognito",
        "declAttributes": [
          "RawDocComment"
        ]
      },
      {
        "kind": "Import",
        "name": "AuthenticationServices",
        "printedName": "AuthenticationServices",
        "declKind": "Import",
        "moduleName": "amplify_auth_cognito"
      },
      {
        "kind": "TypeDecl",
        "name": "HostedUIError",
        "printedName": "HostedUIError",
        "children": [
          {
            "kind": "Var",
            "name": "cancelled",
            "printedName": "cancelled",
            "children": [
              {
                "kind": "TypeFunc",
                "name": "Function",
                "printedName": "(amplify_auth_cognito.HostedUIError.Type) -> amplify_auth_cognito.HostedUIError",
                "children": [
                  {
                    "kind": "TypeNominal",
                    "name": "HostedUIError",
                    "printedName": "amplify_auth_cognito.HostedUIError",
                    "usr": "s:20amplify_auth_cognito13HostedUIErrorO"
                  },
                  {
                    "kind": "TypeNominal",
                    "name": "Metatype",
                    "printedName": "amplify_auth_cognito.HostedUIError.Type",
                    "children": [
                      {
                        "kind": "TypeNominal",
                        "name": "HostedUIError",
                        "printedName": "amplify_auth_cognito.HostedUIError",
                        "usr": "s:20amplify_auth_cognito13HostedUIErrorO"
                      }
                    ]
                  }
                ]
              }
            ],
            "declKind": "EnumElement",
            "usr": "s:20amplify_auth_cognito13HostedUIErrorO9cancelledyA2CmF",
            "mangledName": "$s20amplify_auth_cognito13HostedUIErrorO9cancelledyA2CmF",
            "moduleName": "amplify_auth_cognito"
          },
          {
            "kind": "Var",
            "name": "unknown",
            "printedName": "unknown",
            "children": [
              {
                "kind": "TypeFunc",
                "name": "Function",
                "printedName": "(amplify_auth_cognito.HostedUIError.Type) -> (Swift.String?) -> amplify_auth_cognito.HostedUIError",
                "children": [
                  {
                    "kind": "TypeFunc",
                    "name": "Function",
                    "printedName": "(Swift.String?) -> amplify_auth_cognito.HostedUIError",
                    "children": [
                      {
                        "kind": "TypeNominal",
                        "name": "HostedUIError",
                        "printedName": "amplify_auth_cognito.HostedUIError",
                        "usr": "s:20amplify_auth_cognito13HostedUIErrorO"
                      },
                      {
                        "kind": "TypeNominal",
                        "name": "Optional",
                        "printedName": "Swift.String?",
                        "children": [
                          {
                            "kind": "TypeNominal",
                            "name": "String",
                            "printedName": "Swift.String",
                            "usr": "s:SS"
                          }
                        ],
                        "usr": "s:Sq"
                      }
                    ]
                  },
                  {
                    "kind": "TypeNominal",
                    "name": "Metatype",
                    "printedName": "amplify_auth_cognito.HostedUIError.Type",
                    "children": [
                      {
                        "kind": "TypeNominal",
                        "name": "HostedUIError",
                        "printedName": "amplify_auth_cognito.HostedUIError",
                        "usr": "s:20amplify_auth_cognito13HostedUIErrorO"
                      }
                    ]
                  }
                ]
              }
            ],
            "declKind": "EnumElement",
            "usr": "s:20amplify_auth_cognito13HostedUIErrorO7unknownyACSSSgcACmF",
            "mangledName": "$s20amplify_auth_cognito13HostedUIErrorO7unknownyACSSSgcACmF",
            "moduleName": "amplify_auth_cognito"
          }
        ],
        "declKind": "Enum",
        "usr": "s:20amplify_auth_cognito13HostedUIErrorO",
        "mangledName": "$s20amplify_auth_cognito13HostedUIErrorO",
        "moduleName": "amplify_auth_cognito",
        "declAttributes": [
          "AccessControl",
          "RawDocComment"
        ],
        "conformances": [
          {
            "kind": "Conformance",
            "name": "Copyable",
            "printedName": "Copyable",
            "usr": "s:s8CopyableP",
            "mangledName": "$ss8CopyableP"
          },
          {
            "kind": "Conformance",
            "name": "Escapable",
            "printedName": "Escapable",
            "usr": "s:s9EscapableP",
            "mangledName": "$ss9EscapableP"
          },
          {
            "kind": "Conformance",
            "name": "Error",
            "printedName": "Error",
            "usr": "s:s5ErrorP",
            "mangledName": "$ss5ErrorP"
          },
          {
            "kind": "Conformance",
            "name": "Sendable",
            "printedName": "Sendable",
            "usr": "s:s8SendableP",
            "mangledName": "$ss8SendableP"
          }
        ]
      },
      {
        "kind": "Import",
        "name": "Foundation",
        "printedName": "Foundation",
        "declKind": "Import",
        "moduleName": "amplify_auth_cognito",
        "declAttributes": [
          "RawDocComment"
        ]
      },
      {
        "kind": "Import",
        "name": "AuthenticationServices",
        "printedName": "AuthenticationServices",
        "declKind": "Import",
        "moduleName": "amplify_auth_cognito"
      },
      {
        "kind": "Import",
        "name": "Combine",
        "printedName": "Combine",
        "declKind": "Import",
        "moduleName": "amplify_auth_cognito"
      },
      {
        "kind": "Import",
        "name": "SafariServices",
        "printedName": "SafariServices",
        "declKind": "Import",
        "moduleName": "amplify_auth_cognito"
      },
      {
        "kind": "Import",
        "name": "Foundation",
        "printedName": "Foundation",
        "declKind": "Import",
        "moduleName": "amplify_auth_cognito",
        "declAttributes": [
          "RawDocComment"
        ]
      },
      {
        "kind": "Import",
        "name": "Flutter",
        "printedName": "Flutter",
        "declKind": "Import",
        "moduleName": "amplify_auth_cognito"
      },
      {
        "kind": "TypeDecl",
        "name": "FlutterError",
        "printedName": "FlutterError",
        "declKind": "Class",
        "usr": "c:objc(cs)FlutterError",
        "moduleName": "Flutter",
        "isOpen": true,
        "objc_name": "FlutterError",
        "declAttributes": [
          "ObjC",
          "Dynamic"
        ],
        "superclassUsr": "c:objc(cs)NSObject",
        "isExternal": true,
        "inheritsConvenienceInitializers": true,
        "superclassNames": [
          "ObjectiveC.NSObject"
        ],
        "conformances": [
          {
            "kind": "Conformance",
            "name": "Copyable",
            "printedName": "Copyable",
            "usr": "s:s8CopyableP",
            "mangledName": "$ss8CopyableP"
          },
          {
            "kind": "Conformance",
            "name": "Escapable",
            "printedName": "Escapable",
            "usr": "s:s9EscapableP",
            "mangledName": "$ss9EscapableP"
          },
          {
            "kind": "Conformance",
            "name": "Equatable",
            "printedName": "Equatable",
            "usr": "s:SQ",
            "mangledName": "$sSQ"
          },
          {
            "kind": "Conformance",
            "name": "Hashable",
            "printedName": "Hashable",
            "usr": "s:SH",
            "mangledName": "$sSH"
          },
          {
            "kind": "Conformance",
            "name": "CVarArg",
            "printedName": "CVarArg",
            "usr": "s:s7CVarArgP",
            "mangledName": "$ss7CVarArgP"
          },
          {
            "kind": "Conformance",
            "name": "_KeyValueCodingAndObservingPublishing",
            "printedName": "_KeyValueCodingAndObservingPublishing",
            "usr": "s:10Foundation37_KeyValueCodingAndObservingPublishingP",
            "mangledName": "$s10Foundation37_KeyValueCodingAndObservingPublishingP"
          },
          {
            "kind": "Conformance",
            "name": "_KeyValueCodingAndObserving",
            "printedName": "_KeyValueCodingAndObserving",
            "usr": "s:10Foundation27_KeyValueCodingAndObservingP",
            "mangledName": "$s10Foundation27_KeyValueCodingAndObservingP"
          },
          {
            "kind": "Conformance",
            "name": "CustomStringConvertible",
            "printedName": "CustomStringConvertible",
            "usr": "s:s23CustomStringConvertibleP",
            "mangledName": "$ss23CustomStringConvertibleP"
          },
          {
            "kind": "Conformance",
            "name": "CustomDebugStringConvertible",
            "printedName": "CustomDebugStringConvertible",
            "usr": "s:s28CustomDebugStringConvertibleP",
            "mangledName": "$ss28CustomDebugStringConvertibleP"
          },
          {
            "kind": "Conformance",
            "name": "Error",
            "printedName": "Error",
            "usr": "s:s5ErrorP",
            "mangledName": "$ss5ErrorP"
          },
          {
            "kind": "Conformance",
            "name": "Sendable",
            "printedName": "Sendable",
            "usr": "s:s8SendableP",
            "mangledName": "$ss8SendableP"
          }
        ]
      }
    ],
    "json_format_version": 8
  },
  "ConstValues": [
    {
      "filePath": "\/Users\/runner\/.pub-cache\/hosted\/pub.dev\/amplify_auth_cognito-2.6.3\/darwin\/Classes\/pigeons\/messages.g.swift",
      "kind": "StringLiteral",
      "offset": 8364,
      "length": 2,
      "value": "\"\""
    },
    {
      "filePath": "\/Users\/runner\/.pub-cache\/hosted\/pub.dev\/amplify_auth_cognito-2.6.3\/darwin\/Classes\/pigeons\/messages.g.swift",
      "kind": "StringLiteral",
      "offset": 11918,
      "length": 2,
      "value": "\"\""
    }
  ]
}